{
  "project_info": {
    "project_number": "162675255446",
    "project_id": "profileimage-1f42d",
    "storage_bucket": "profileimage-1f42d.appspot.com"
  },
  "client": [
    {
      "client_info": {
        "mobilesdk_app_id": "1:162675255446:android:9a0f5eb20de64c86313ab7",
        "android_client_info": {
          "package_name": "com.example.app"
        }
      },
      "oauth_client": [
        {
          "client_id": "162675255446-k4nqtqbrs08bnl2pjegqcs8irh20g80u.apps.googleusercontent.com",
          "client_type": 3
        }
      ],
      "api_key": [
        {
          "current_key": "AIzaSyANPL4xB7F5Q9fBU8XFH6tq8wLnZVw_XkU"
        }
      ],
      "services": {
        "appinvite_service": {
          "other_platform_oauth_client": [
            {
              "client_id": "162675255446-k4nqtqbrs08bnl2pjegqcs8irh20g80u.apps.googleusercontent.com",
              "client_type": 3
            }
          ]
        }
      }
    }
  ],
  "configuration_version": "1"
}